<?xml version='1.0' encoding='UTF-8'?>
<!DOCTYPE hibernate-configuration PUBLIC
          "-//Hibernate/Hibernate Configuration DTD 3.0//EN"
          "http://hibernate.sourceforge.net/hibernate-configuration-3.0.dtd">

<!-- Generated by MyEclipse Hibernate Tools.                   -->
<hibernate-configuration>

	<session-factory>
		<property name="dialect">
			org.hibernate.dialect.MySQLDialect
		</property>
		<property name="connection.url">
			jdbc:mysql://localhost:3306/testssh?useUnicode=true&amp;characterEncoding=UTF-8
		</property>
		<property name="connection.username">root</property>
		<property name="connection.password"></property>
		<property name="connection.driver_class">
			com.mysql.jdbc.Driver
		</property>
		<property name="hibernate.connection.provider_class">org.hibernate.connection.C3P0ConnectionProvider</property>
        <property name="hibernate.c3p0.max_size">20</property>  <!-- 在连接池中可用数据库连接的最大数目-->
        <property name="hibernate.c3p0.min_size">5</property>  <!-- 在连接池中可用数据库连接的最小数目-->
        <property name="hibernate.c3p0.max_statements">100</property>
        <property name="hibernate.c3p0.idle_test_period">120</property>
        <property name="hibernate.c3p0.acquire_increment">1</property>
        <property name="c3p0.testConnectionOnCheckout">true</property>
        <property name="c3p0.idleConnectionTestPeriod">18000</property>
        <property name="c3p0.maxIdleTime">25000</property>
		<property name="myeclipse.connection.profile">testSSH</property>
		<mapping resource="com/domain/Atrribute.hbm.xml" />
		<mapping resource="com/domain/Ca.hbm.xml" />
		<mapping resource="com/domain/Da.hbm.xml" />
		<mapping resource="com/domain/Daatr.hbm.xml" />
		<mapping resource="com/domain/Ds.hbm.xml" />
		<mapping resource="com/domain/Dsatr.hbm.xml" />
		<mapping resource="com/domain/Dstype.hbm.xml" />
		<mapping resource="com/domain/EventTrigger.hbm.xml" />
		<mapping resource="com/domain/FightPostion.hbm.xml" />
		<mapping resource="com/domain/Isp.hbm.xml" />
		<mapping resource="com/domain/Sequence.hbm.xml" />
		<mapping resource="com/domain/Systems.hbm.xml" />
		<mapping resource="com/domain/TriggerAtr.hbm.xml" />
		<mapping resource="com/domain/Type.hbm.xml" />
		<mapping resource="com/domain/UserType.hbm.xml" />
		<mapping resource="com/domain/Users.hbm.xml" />
		
		

	</session-factory>

</hibernate-configuration>