<?xml version="1.0" encoding="utf-8"?>
<!DOCTYPE hibernate-mapping PUBLIC "-//Hibernate/Hibernate Mapping DTD 3.0//EN"
"http://hibernate.sourceforge.net/hibernate-mapping-3.0.dtd">
<!-- 
    Mapping file autogenerated by MyEclipse Persistence Tools
-->
<hibernate-mapping>
    <class name="com.domain.Atrribute" table="atrribute" catalog="testssh">
        <id name="atrId" type="java.lang.Integer">
            <column name="atr_id" />
            <generator class="identity" />
        </id>
        <many-to-one name="systems" class="com.domain.Systems" fetch="select" lazy="false">
            <column name="system_id" not-null="true" />
        </many-to-one>
        <property name="name" type="java.lang.String">
            <column name="name" not-null="true" />
        </property>
        <property name="value" type="java.lang.Float">
            <column name="value" />
        </property>
         <property name="tag" type="java.lang.String">
            <column name="tag" not-null="true" />
        </property>
         <property name="changes" type="java.lang.Float">
            <column name="changes" />
        </property>
        <set name="dsatrs" inverse="true">
            <key>
                <column name="Atr_id" not-null="true" />
            </key>
            <one-to-many class="com.domain.Dsatr" />
        </set>
        <set name="triggerAtrs" inverse="true">
            <key>
                <column name="Atr_id" not-null="true" />
            </key>
            <one-to-many class="com.domain.TriggerAtr" />
        </set>
        <set name="daatrs" inverse="true">
            <key>
                <column name="Atr_id" not-null="true" />
            </key>
            <one-to-many class="com.domain.Daatr" />
        </set>
    </class>
</hibernate-mapping>
