<?xml version="1.0" encoding="utf-8"?>
<!DOCTYPE hibernate-mapping PUBLIC "-//Hibernate/Hibernate Mapping DTD 3.0//EN"
"http://hibernate.sourceforge.net/hibernate-mapping-3.0.dtd">
<!-- 
    Mapping file autogenerated by MyEclipse Persistence Tools
-->
<hibernate-mapping>
    <class name="com.domain.Da" table="da" catalog="testssh">
        <id name="daId" type="java.lang.Integer">
            <column name="DA_id" />
            <generator class="identity" />
        </id>
        <many-to-one name="eventTriggerByEvent" class="com.domain.EventTrigger" fetch="select" lazy="false">
            <column name="event" />
        </many-to-one>
        <many-to-one name="fightPostion" class="com.domain.FightPostion" fetch="select" lazy="false">
            <column name="postion" not-null="true" />
        </many-to-one>
        <many-to-one name="users" class="com.domain.Users" fetch="select" lazy="false">
            <column name="opeartor" />
        </many-to-one>
        <many-to-one name="ca" class="com.domain.Ca" fetch="select" lazy="false">
            <column name="CAbelong" />
        </many-to-one>
        <many-to-one name="eventTriggerByEndEvent" class="com.domain.EventTrigger" fetch="select" lazy="false">
            <column name="endEvent" />
        </many-to-one>
        <many-to-one name="type" class="com.domain.Type" fetch="select" lazy="false">
            <column name="type" not-null="true" />
        </many-to-one>
        <many-to-one name="ds" class="com.domain.Ds" fetch="select" lazy="false">
            <column name="postDS" />
        </many-to-one>
        <property name="defbelong" type="java.lang.Integer">
            <column name="Defbelong" />
        </property>
        <property name="name" type="java.lang.String">
            <column name="name" not-null="true" />
        </property>
        <property name="description" type="java.lang.String">
            <column name="description" not-null="true" />
        </property>
        <property name="triggertype" type="java.lang.String">
            <column name="triggertype" not-null="true" />
        </property>
        <property name="priority" type="java.lang.Integer">
            <column name="priority" not-null="true" />
        </property>
        <property name="state" type="java.lang.String">
            <column name="state" not-null="true" />
        </property>
        <property name="ifAuto" type="java.lang.Integer">
            <column name="ifAuto" not-null="true" />
        </property>
        <property name="ifdef" type="java.lang.Integer">
            <column name="ifdef" not-null="true" />
        </property>
        <property name="planStart" type="java.sql.Timestamp">
            <column name="planStart" length="0" />
        </property>
        <property name="planDuration" type="java.sql.Timestamp">
            <column name="planDuration" length="0" />
        </property>
        <property name="planEnd" type="java.sql.Timestamp">
            <column name="planEnd" length="0" />
        </property>
        <property name="terminate" type="java.lang.String">
            <column name="terminate" />
        </property>
        <property name="excuteStart" type="java.sql.Timestamp">
            <column name="excuteStart" length="0" />
        </property>
        <property name="excuteEnd" type="java.sql.Timestamp">
            <column name="excuteEnd" length="0" />
        </property>
        <property name="code" type="java.lang.String">
            <column name="code" />
        </property>
         <property name="nodename" type="java.lang.String">
            <column name="nodename" />
        </property>
        <set name="dsesForTrueExit" inverse="true">
            <key>
                <column name="trueExit" />
            </key>
            <one-to-many class="com.domain.Ds" />
        </set>
        <set name="dsesForPreDa" inverse="true">
            <key>
                <column name="preDA" not-null="true" />
            </key>
            <one-to-many class="com.domain.Ds" />
        </set>
        <set name="daatrs" inverse="true">
            <key>
                <column name="DA_id" not-null="true" />
            </key>
            <one-to-many class="com.domain.Daatr" />
        </set>
        <set name="dsesForFalseExit" inverse="true">
            <key>
                <column name="falseExit" />
            </key>
            <one-to-many class="com.domain.Ds" />
        </set>
    </class>
</hibernate-mapping>
