<?xml version="1.0" encoding="utf-8"?>
<!DOCTYPE hibernate-mapping PUBLIC "-//Hibernate/Hibernate Mapping DTD 3.0//EN"
"http://hibernate.sourceforge.net/hibernate-mapping-3.0.dtd">
<!-- 
    Mapping file autogenerated by MyEclipse Persistence Tools
-->
<hibernate-mapping>
    <class name="com.domain.Daatr" table="daatr" catalog="testssh">
        <composite-id name="id" class="com.domain.DaatrId">
            <key-many-to-one name="atrribute" class="com.domain.Atrribute" lazy="false">
                <column name="Atr_id" />
            </key-many-to-one>
            <key-many-to-one name="da" class="com.domain.Da" lazy="false">
                <column name="DA_id" />
            </key-many-to-one>
        </composite-id>
        <property name="value" type="java.lang.Float">
            <column name="value" />
        </property>
    </class>
</hibernate-mapping>
