<?xml version="1.0" encoding="utf-8"?>
<!DOCTYPE hibernate-mapping PUBLIC "-//Hibernate/Hibernate Mapping DTD 3.0//EN"
"http://hibernate.sourceforge.net/hibernate-mapping-3.0.dtd">
<!-- 
    Mapping file autogenerated by MyEclipse Persistence Tools
-->
<hibernate-mapping>
    <class name="com.domain.EventTrigger" table="event_trigger" catalog="testssh">
        <id name="triggerId" type="java.lang.Integer">
            <column name="trigger_id" />
            <generator class="identity" />
        </id>
        <property name="logic" type="java.lang.String">
            <column name="logic" />
        </property>
        <property name="code" type="java.lang.String">
            <column name="code" />
        </property>
        <set name="ispsForEvent" inverse="true">
            <key>
                <column name="event" />
            </key>
            <one-to-many class="com.domain.Isp" />
        </set>
        <set name="ispsForEndevent" inverse="true">
            <key>
                <column name="endevent" />
            </key>
            <one-to-many class="com.domain.Isp" />
        </set>
        <set name="casForEvent" inverse="true">
            <key>
                <column name="event" />
            </key>
            <one-to-many class="com.domain.Ca" />
        </set>
        <set name="triggerAtrs" inverse="true">
            <key>
                <column name="trigger_id" not-null="true" />
            </key>
            <one-to-many class="com.domain.TriggerAtr" />
        </set>
        <set name="dasForEvent" inverse="true">
            <key>
                <column name="event" />
            </key>
            <one-to-many class="com.domain.Da" />
        </set>
        <set name="dasForEndEvent" inverse="true">
            <key>
                <column name="endEvent" />
            </key>
            <one-to-many class="com.domain.Da" />
        </set>
        <set name="casForEndevent" inverse="true">
            <key>
                <column name="endevent" />
            </key>
            <one-to-many class="com.domain.Ca" />
        </set>
    </class>
</hibernate-mapping>
