<?xml version="1.0" encoding="utf-8"?>
<!DOCTYPE hibernate-mapping PUBLIC "-//Hibernate/Hibernate Mapping DTD 3.0//EN"
"http://hibernate.sourceforge.net/hibernate-mapping-3.0.dtd">
<!-- 
    Mapping file autogenerated by MyEclipse Persistence Tools
-->
<hibernate-mapping>
    <class name="com.domain.Systems" table="systems" catalog="testssh">
        <id name="systemId" type="java.lang.Integer">
            <column name="system_id" />
            <generator class="identity" />
        </id>
        <property name="name" type="java.lang.String">
            <column name="name" not-null="true" />
        </property>
        <property name="parent" type="java.lang.Integer">
            <column name="parent" not-null="true"/>
        </property>
         <property name="level" type="java.lang.Integer">
            <column name="level" not-null="true"/>
        </property>
        <set name="atrributes" inverse="true">
            <key>
                <column name="system_id" not-null="true" />
            </key>
            <one-to-many class="com.domain.Atrribute" />
        </set>
    </class>
</hibernate-mapping>
