<?xml version="1.0" encoding="utf-8"?>
<!DOCTYPE hibernate-mapping PUBLIC "-//Hibernate/Hibernate Mapping DTD 3.0//EN"
"http://hibernate.sourceforge.net/hibernate-mapping-3.0.dtd">
<!-- 
    Mapping file autogenerated by MyEclipse Persistence Tools
-->
<hibernate-mapping>
    <class name="com.domain.Ds" table="ds" catalog="testssh">
        <id name="dsId" type="java.lang.Integer">
            <column name="DS_id" />
            <generator class="identity" />
        </id>
        <many-to-one name="daByTrueExit" class="com.domain.Da" fetch="select" lazy="false">
            <column name="trueExit" />
        </many-to-one>
        <many-to-one name="daByFalseExit" class="com.domain.Da" fetch="select" lazy="false">
            <column name="falseExit" />
        </many-to-one>
        <many-to-one name="daByPreDa" class="com.domain.Da" fetch="select" lazy="false">
            <column name="preDA" />
        </many-to-one>
        <many-to-one name="ca" class="com.domain.Ca" fetch="select" lazy="false">
            <column name="CAbelong" />
        </many-to-one>
        <many-to-one name="dstype" class="com.domain.Dstype" fetch="select" lazy="false">
            <column name="DS_type" not-null="true" />
        </many-to-one>
        <property name="name" type="java.lang.String" lazy= "false">
            <column name="name" not-null="true" />
        </property>
        <property name="description" type="java.lang.String">
            <column name="description" not-null="true" />
        </property>
        <property name="code" type="java.lang.String">
            <column name="code" />
        </property>
        <property name="ifdef" type="java.lang.Integer">
            <column name="ifdef" not-null="true" />
        </property>
        <property name="dsbelong" type="java.lang.Integer">
            <column name="DSbelong" not-null="true" />
        </property>
        <property name="logic" type="java.lang.String">
            <column name="logic" not-null="true" />
        </property>
        <set name="das" inverse="true">
            <key>
                <column name="postDS" />
            </key>
            <one-to-many class="com.domain.Da" />
        </set>
        <set name="dsatrs" inverse="true">
            <key>
                <column name="DS_id" not-null="true" />
            </key>
            <one-to-many class="com.domain.Dsatr" />
        </set>
    </class>
</hibernate-mapping>
