<?xml version="1.0" encoding="utf-8"?>
<!DOCTYPE hibernate-mapping PUBLIC "-//Hibernate/Hibernate Mapping DTD 3.0//EN"
"http://hibernate.sourceforge.net/hibernate-mapping-3.0.dtd">
<!-- 
    Mapping file autogenerated by MyEclipse Persistence Tools
-->
<hibernate-mapping>
    <class name="com.domain.Dsatr" table="dsatr" catalog="testssh">
        <composite-id name="id" class="com.domain.DsatrId">
            <key-many-to-one name="atrribute" class="com.domain.Atrribute" lazy="false">
                <column name="Atr_id" />
            </key-many-to-one>
            <key-many-to-one name="ds" class="com.domain.Ds" lazy="false">
                <column name="DS_id" />
            </key-many-to-one>
        </composite-id>
        <property name="value" type="java.lang.Float">
            <column name="value" not-null="true" />
        </property>
        <property name="symbol" type="java.lang.Integer">
            <column name="symbol" not-null="true" />
        </property>
    </class>
</hibernate-mapping>
