<?xml version="1.0" encoding="utf-8"?>
<!DOCTYPE hibernate-mapping PUBLIC "-//Hibernate/Hibernate Mapping DTD 3.0//EN"
"http://hibernate.sourceforge.net/hibernate-mapping-3.0.dtd">
<!-- 
    Mapping file autogenerated by MyEclipse Persistence Tools
-->
<hibernate-mapping>
    <class name="com.domain.Dstype" table="dstype" catalog="testssh">
        <id name="dsTypeId" type="java.lang.Integer">
            <column name="DS_type_id" />
            <generator class="identity" />
        </id>
        <property name="name" type="java.lang.String">
            <column name="name" not-null="true" />
        </property>
        <set name="dses" inverse="true">
            <key>
                <column name="DS_type" not-null="true" />
            </key>
            <one-to-many class="com.domain.Ds" />
        </set>
    </class>
</hibernate-mapping>
