<?xml version="1.0" encoding="utf-8"?>
<!DOCTYPE hibernate-mapping PUBLIC "-//Hibernate/Hibernate Mapping DTD 3.0//EN"
"http://hibernate.sourceforge.net/hibernate-mapping-3.0.dtd">
<!-- 
    Mapping file autogenerated by MyEclipse Persistence Tools
-->
<hibernate-mapping>
    <class name="com.domain.FightPostion" table="fight_postion" catalog="testssh">
        <id name="postionId" type="java.lang.Integer">
            <column name="postion_id" />
            <generator class="identity" />
        </id>
        <property name="name" type="java.lang.String">
            <column name="name" not-null="true" />
        </property>
        <property name="department" type="java.lang.String">
            <column name="department" not-null="true" />
        </property>
        <property name="post" type="java.lang.String">
            <column name="post" not-null="false" />
        </property>
        <set name="userses" inverse="true">
            <key>
                <column name="postion" not-null="true" />
            </key>
            <one-to-many class="com.domain.Users" />
        </set>
        <set name="das" inverse="true">
            <key>
                <column name="postion" not-null="true" />
            </key>
            <one-to-many class="com.domain.Da" />
        </set>
    </class>
</hibernate-mapping>
