<?xml version="1.0" encoding="utf-8"?>
<!DOCTYPE hibernate-mapping PUBLIC "-//Hibernate/Hibernate Mapping DTD 3.0//EN"
"http://hibernate.sourceforge.net/hibernate-mapping-3.0.dtd">
<!-- 
    Mapping file autogenerated by MyEclipse Persistence Tools
-->
<hibernate-mapping>
    <class name="com.domain.Isp" table="isp" catalog="testssh">
        <id name="ispId" type="java.lang.Integer">
            <column name="ISP_id" />
            <generator class="identity" />
        </id>
        <many-to-one name="eventTriggerByEvent" class="com.domain.EventTrigger" fetch="select" lazy="false">
            <column name="event" />
        </many-to-one>
        <many-to-one name="users" class="com.domain.Users" fetch="select" lazy="false">
            <column name="uploader" />
        </many-to-one>
        <many-to-one name="eventTriggerByEndevent" class="com.domain.EventTrigger" fetch="select" lazy="false">
            <column name="endevent" />
        </many-to-one>
        <property name="name" type="java.lang.String">
            <column name="name" not-null="true" />
        </property>
        <property name="desription" type="java.lang.String">
            <column name="desription" not-null="true" />
        </property>
        <property name="priority" type="java.lang.Integer">
            <column name="priority" not-null="true" />
        </property>
        <property name="ifdef" type="java.lang.Integer">
            <column name="ifdef" not-null="true" />
        </property>
        <property name="ifAuto" type="java.lang.Integer">
            <column name="ifAuto" not-null="true" />
        </property>
        <property name="state" type="java.lang.String">
            <column name="state" not-null="true" />
        </property>
        <property name="excuteStarttime" type="java.sql.Timestamp">
            <column name="ExcuteStarttime" length="0" />
        </property>
        <property name="excuteEndtime" type="java.sql.Timestamp">
            <column name="ExcuteEndtime" length="0" />
        </property>
        <property name="planStarttime" type="java.sql.Timestamp">
            <column name="planStarttime" length="0" />
        </property>
        <property name="planEndtime" type="java.sql.Timestamp">
            <column name="planEndtime" length="0" />
        </property>
        <property name="triggertype" type="java.lang.String">
            <column name="triggertype" not-null="true" />
        </property>
        <property name="terminate" type="java.lang.String">
            <column name="terminate" />
        </property>
         <property name="layout" type="java.lang.String">
            <column name="layout" />
        </property>
        <set name="cas" inverse="true">
            <key>
                <column name="ISPbelong" />
            </key>
            <one-to-many class="com.domain.Ca" />
        </set>
    </class>
</hibernate-mapping>
