<?xml version="1.0" encoding="utf-8"?>
<!DOCTYPE hibernate-mapping PUBLIC "-//Hibernate/Hibernate Mapping DTD 3.0//EN"
"http://hibernate.sourceforge.net/hibernate-mapping-3.0.dtd">
<!-- 
    Mapping file autogenerated by MyEclipse Persistence Tools
-->
<hibernate-mapping>
    <class name="com.domain.Sequence" table="sequence" catalog="testssh">
        <id name="sequenceId" type="java.lang.Integer">
            <column name="sequence_id" />
            <generator class="identity" />
        </id>
        <property name="preType" type="java.lang.String">
            <column name="pre_type" not-null="true" />
        </property>
        <property name="pre" type="java.lang.Integer">
            <column name="pre" not-null="true" />
        </property>
        <property name="postType" type="java.lang.String">
            <column name="post_type" not-null="true" />
        </property>
        <property name="post" type="java.lang.Integer">
            <column name="post" not-null="true" />
        </property>
    </class>
</hibernate-mapping>
