<?xml version="1.0" encoding="utf-8"?>
<!DOCTYPE hibernate-mapping PUBLIC "-//Hibernate/Hibernate Mapping DTD 3.0//EN"
"http://hibernate.sourceforge.net/hibernate-mapping-3.0.dtd">
<!-- 
    Mapping file autogenerated by MyEclipse Persistence Tools
-->
<hibernate-mapping>
    <class name="com.domain.Type" table="type" catalog="testssh">
        <id name="typeId" type="java.lang.Integer">
            <column name="type_id" />
            <generator class="identity" />
        </id>
        <property name="name" type="java.lang.String">
            <column name="name" not-null="true" />
        </property>
        <set name="cas" inverse="true">
            <key>
                <column name="type" not-null="true" />
            </key>
            <one-to-many class="com.domain.Ca" />
        </set>
        <set name="userTypes" inverse="true">
            <key>
                <column name="type_id" not-null="true" />
            </key>
            <one-to-many class="com.domain.UserType" />
        </set>
        <set name="das" inverse="true">
            <key>
                <column name="type" not-null="true" />
            </key>
            <one-to-many class="com.domain.Da" />
        </set>
    </class>
</hibernate-mapping>
