<?xml version="1.0" encoding="utf-8"?>
<!DOCTYPE hibernate-mapping PUBLIC "-//Hibernate/Hibernate Mapping DTD 3.0//EN"
"http://hibernate.sourceforge.net/hibernate-mapping-3.0.dtd">
<!-- 
    Mapping file autogenerated by MyEclipse Persistence Tools
-->
<hibernate-mapping>
    <class name="com.domain.UserType" table="user_type" catalog="testssh">
        <composite-id name="id" class="com.domain.UserTypeId">
            <key-many-to-one name="type" class="com.domain.Type">
                <column name="type_id" />
            </key-many-to-one>
            <key-many-to-one name="users" class="com.domain.Users">
                <column name="user_id" />
            </key-many-to-one>
        </composite-id>
    </class>
</hibernate-mapping>
