<?xml version="1.0" encoding="utf-8"?>
<!DOCTYPE hibernate-mapping PUBLIC "-//Hibernate/Hibernate Mapping DTD 3.0//EN"
"http://hibernate.sourceforge.net/hibernate-mapping-3.0.dtd">
<!-- 
    Mapping file autogenerated by MyEclipse Persistence Tools
-->
<hibernate-mapping>
    <class name="com.domain.Users" table="users" catalog="testssh">
        <id name="userid" type="java.lang.Integer">
            <column name="userid" />
            <generator class="identity" />
        </id>
        <many-to-one name="fightPostion" class="com.domain.FightPostion" fetch="select" lazy="false">
            <column name="postion" />
        </many-to-one>
        <property name="username" type="java.lang.String">
            <column name="username" length="20" not-null="true" />
        </property>
        <property name="password" type="java.lang.String">
            <column name="password" length="20" not-null="true" />
        </property>
        <property name="department" type="java.lang.String">
            <column name="department" length="11" not-null="true" />
        </property>
        <property name="role" type="java.lang.String">
            <column name="role" length="20" not-null="true" />
        </property>
        <property name="post" type="java.lang.String">
            <column name="post" not-null="true" />
        </property>
        <set name="isps" inverse="true">
            <key>
                <column name="uploader" />
            </key>
            <one-to-many class="com.domain.Isp" />
        </set>
        <set name="userTypes" inverse="true">
            <key>
                <column name="user_id" not-null="true" />
            </key>
            <one-to-many class="com.domain.UserType" />
        </set>
        <set name="cas" inverse="true">
            <key>
                <column name="uploader" />
            </key>
            <one-to-many class="com.domain.Ca" />
        </set>
        <set name="das" inverse="true">
            <key>
                <column name="opeartor" />
            </key>
            <one-to-many class="com.domain.Da" />
        </set>
    </class>
</hibernate-mapping>
